"substance_id","parameter","value","unit","status","source_id","note"
"hydrogen","molar_mass",1.008,"g/mol","ok","ciaaw-2021",
"helium","molar_mass",4.002602,"g/mol","ok","periodictable-pkg","inherited value, predates the 2009 IUPAC revision; regenerate from CIAAW"
"lithium","molar_mass",6.94,"g/mol","ok","ciaaw-2021",
"beryllium","molar_mass",9.012182,"g/mol","ok","periodictable-pkg","inherited value, predates the 2009 IUPAC revision; regenerate from CIAAW"
"boron","molar_mass",10.811,"g/mol","ok","periodictable-pkg","inherited value, predates the 2009 IUPAC revision; regenerate from CIAAW"
"carbon","molar_mass",12.011,"g/mol","ok","ciaaw-2021",
"nitrogen","molar_mass",14.007,"g/mol","ok","ciaaw-2021",
"oxygen","molar_mass",15.999,"g/mol","ok","ciaaw-2021",
"fluorine","molar_mass",18.998403162,"g/mol","ok","ciaaw-2021",
"neon","molar_mass",20.1797,"g/mol","ok","periodictable-pkg","inherited value, predates the 2009 IUPAC revision; regenerate from CIAAW"
"sodium","molar_mass",22.98976928,"g/mol","ok","ciaaw-2021",
"magnesium","molar_mass",24.305,"g/mol","ok","ciaaw-2021",
"aluminum","molar_mass",26.9815384,"g/mol","ok","ciaaw-2021",
"silicon","molar_mass",28.0855,"g/mol","ok","periodictable-pkg","inherited value, predates the 2009 IUPAC revision; regenerate from CIAAW"
"phosphorus","molar_mass",30.973761998,"g/mol","ok","ciaaw-2021",
"sulfur","molar_mass",32.06,"g/mol","ok","ciaaw-2021",
"chlorine","molar_mass",35.45,"g/mol","ok","ciaaw-2021",
"argon","molar_mass",39.948,"g/mol","ok","periodictable-pkg","inherited value, predates the 2009 IUPAC revision; regenerate from CIAAW"
"potassium","molar_mass",39.0983,"g/mol","ok","ciaaw-2021",
"calcium","molar_mass",40.078,"g/mol","ok","ciaaw-2021",
"scandium","molar_mass",44.95591,"g/mol","ok","periodictable-pkg","inherited value, predates the 2009 IUPAC revision; regenerate from CIAAW"
"titanium","molar_mass",47.867,"g/mol","ok","periodictable-pkg","inherited value, predates the 2009 IUPAC revision; regenerate from CIAAW"
"vanadium","molar_mass",50.9415,"g/mol","ok","periodictable-pkg","inherited value, predates the 2009 IUPAC revision; regenerate from CIAAW"
"chromium","molar_mass",51.9961,"g/mol","ok","periodictable-pkg","inherited value, predates the 2009 IUPAC revision; regenerate from CIAAW"
"manganese","molar_mass",54.938049,"g/mol","ok","periodictable-pkg","inherited value, predates the 2009 IUPAC revision; regenerate from CIAAW"
"iron","molar_mass",55.845,"g/mol","ok","ciaaw-2021",
"cobalt","molar_mass",58.933194,"g/mol","ok","ciaaw-2021",
"nickel","molar_mass",58.6934,"g/mol","ok","periodictable-pkg","inherited value, predates the 2009 IUPAC revision; regenerate from CIAAW"
"copper","molar_mass",63.546,"g/mol","ok","ciaaw-2021",
"zinc","molar_mass",65.38,"g/mol","ok","ciaaw-2021",
"gallium","molar_mass",69.723,"g/mol","ok","periodictable-pkg","inherited value, predates the 2009 IUPAC revision; regenerate from CIAAW"
"germanium","molar_mass",72.64,"g/mol","ok","periodictable-pkg","inherited value, predates the 2009 IUPAC revision; regenerate from CIAAW"
"arsenic","molar_mass",74.9216,"g/mol","ok","periodictable-pkg","inherited value, predates the 2009 IUPAC revision; regenerate from CIAAW"
"selenium","molar_mass",78.971,"g/mol","ok","ciaaw-2021",
"bromine","molar_mass",79.904,"g/mol","ok","ciaaw-2021",
"krypton","molar_mass",83.798,"g/mol","ok","periodictable-pkg","inherited value, predates the 2009 IUPAC revision; regenerate from CIAAW"
"rubidium","molar_mass",85.4678,"g/mol","ok","periodictable-pkg","inherited value, predates the 2009 IUPAC revision; regenerate from CIAAW"
"strontium","molar_mass",87.62,"g/mol","ok","periodictable-pkg","inherited value, predates the 2009 IUPAC revision; regenerate from CIAAW"
"yttrium","molar_mass",88.90585,"g/mol","ok","periodictable-pkg","inherited value, predates the 2009 IUPAC revision; regenerate from CIAAW"
"zirconium","molar_mass",91.224,"g/mol","ok","periodictable-pkg","inherited value, predates the 2009 IUPAC revision; regenerate from CIAAW"
"niobium","molar_mass",92.90638,"g/mol","ok","periodictable-pkg","inherited value, predates the 2009 IUPAC revision; regenerate from CIAAW"
"molybdenum","molar_mass",95.96,"g/mol","ok","periodictable-pkg","inherited value, predates the 2009 IUPAC revision; regenerate from CIAAW"
"technetium","molar_mass",98,"g/mol","ok","periodictable-pkg","inherited value, predates the 2009 IUPAC revision; regenerate from CIAAW"
"ruthenium","molar_mass",101.07,"g/mol","ok","periodictable-pkg","inherited value, predates the 2009 IUPAC revision; regenerate from CIAAW"
"rhodium","molar_mass",102.9055,"g/mol","ok","periodictable-pkg","inherited value, predates the 2009 IUPAC revision; regenerate from CIAAW"
"palladium","molar_mass",106.42,"g/mol","ok","periodictable-pkg","inherited value, predates the 2009 IUPAC revision; regenerate from CIAAW"
"silver","molar_mass",107.8682,"g/mol","ok","periodictable-pkg","inherited value, predates the 2009 IUPAC revision; regenerate from CIAAW"
"cadmium","molar_mass",112.411,"g/mol","ok","periodictable-pkg","inherited value, predates the 2009 IUPAC revision; regenerate from CIAAW"
"indium","molar_mass",114.818,"g/mol","ok","periodictable-pkg","inherited value, predates the 2009 IUPAC revision; regenerate from CIAAW"
"tin","molar_mass",118.701,"g/mol","ok","periodictable-pkg","inherited value, predates the 2009 IUPAC revision; regenerate from CIAAW"
"antimony","molar_mass",121.76,"g/mol","ok","periodictable-pkg","inherited value, predates the 2009 IUPAC revision; regenerate from CIAAW"
"tellurium","molar_mass",127.6,"g/mol","ok","periodictable-pkg","inherited value, predates the 2009 IUPAC revision; regenerate from CIAAW"
"iodine","molar_mass",126.90447,"g/mol","ok","ciaaw-2021",
"xenon","molar_mass",131.293,"g/mol","ok","periodictable-pkg","inherited value, predates the 2009 IUPAC revision; regenerate from CIAAW"
"cesium","molar_mass",132.90545,"g/mol","ok","periodictable-pkg","inherited value, predates the 2009 IUPAC revision; regenerate from CIAAW"
"barium","molar_mass",137.327,"g/mol","ok","periodictable-pkg","inherited value, predates the 2009 IUPAC revision; regenerate from CIAAW"
"lanthanum","molar_mass",138.9055,"g/mol","ok","periodictable-pkg","inherited value, predates the 2009 IUPAC revision; regenerate from CIAAW"
"cerium","molar_mass",140.116,"g/mol","ok","periodictable-pkg","inherited value, predates the 2009 IUPAC revision; regenerate from CIAAW"
"praseodymium","molar_mass",140.90765,"g/mol","ok","periodictable-pkg","inherited value, predates the 2009 IUPAC revision; regenerate from CIAAW"
"neodymium","molar_mass",144.24,"g/mol","ok","periodictable-pkg","inherited value, predates the 2009 IUPAC revision; regenerate from CIAAW"
"promethium","molar_mass",145,"g/mol","ok","periodictable-pkg","inherited value, predates the 2009 IUPAC revision; regenerate from CIAAW"
"samarium","molar_mass",150.36,"g/mol","ok","periodictable-pkg","inherited value, predates the 2009 IUPAC revision; regenerate from CIAAW"
"europium","molar_mass",151.964,"g/mol","ok","periodictable-pkg","inherited value, predates the 2009 IUPAC revision; regenerate from CIAAW"
"gadolinium","molar_mass",157.25,"g/mol","ok","periodictable-pkg","inherited value, predates the 2009 IUPAC revision; regenerate from CIAAW"
"terbium","molar_mass",158.92534,"g/mol","ok","periodictable-pkg","inherited value, predates the 2009 IUPAC revision; regenerate from CIAAW"
"dysprosium","molar_mass",162.5,"g/mol","ok","periodictable-pkg","inherited value, predates the 2009 IUPAC revision; regenerate from CIAAW"
"holmium","molar_mass",164.93032,"g/mol","ok","periodictable-pkg","inherited value, predates the 2009 IUPAC revision; regenerate from CIAAW"
"erbium","molar_mass",167.259,"g/mol","ok","periodictable-pkg","inherited value, predates the 2009 IUPAC revision; regenerate from CIAAW"
"thulium","molar_mass",168.93421,"g/mol","ok","periodictable-pkg","inherited value, predates the 2009 IUPAC revision; regenerate from CIAAW"
"ytterbium","molar_mass",173.054,"g/mol","ok","periodictable-pkg","inherited value, predates the 2009 IUPAC revision; regenerate from CIAAW"
"lutetium","molar_mass",174.9668,"g/mol","ok","periodictable-pkg","inherited value, predates the 2009 IUPAC revision; regenerate from CIAAW"
"hafnium","molar_mass",178.49,"g/mol","ok","periodictable-pkg","inherited value, predates the 2009 IUPAC revision; regenerate from CIAAW"
"tantalum","molar_mass",180.9479,"g/mol","ok","periodictable-pkg","inherited value, predates the 2009 IUPAC revision; regenerate from CIAAW"
"wolfram","molar_mass",183.84,"g/mol","ok","periodictable-pkg","inherited value, predates the 2009 IUPAC revision; regenerate from CIAAW"
"rhenium","molar_mass",186.207,"g/mol","ok","periodictable-pkg","inherited value, predates the 2009 IUPAC revision; regenerate from CIAAW"
"osmium","molar_mass",190.23,"g/mol","ok","periodictable-pkg","inherited value, predates the 2009 IUPAC revision; regenerate from CIAAW"
"iridium","molar_mass",192.217,"g/mol","ok","periodictable-pkg","inherited value, predates the 2009 IUPAC revision; regenerate from CIAAW"
"platinum","molar_mass",195.078,"g/mol","ok","periodictable-pkg","inherited value, predates the 2009 IUPAC revision; regenerate from CIAAW"
"gold","molar_mass",196.96655,"g/mol","ok","periodictable-pkg","inherited value, predates the 2009 IUPAC revision; regenerate from CIAAW"
"mercury","molar_mass",200.59,"g/mol","ok","periodictable-pkg","inherited value, predates the 2009 IUPAC revision; regenerate from CIAAW"
"thallium","molar_mass",204.3833,"g/mol","ok","periodictable-pkg","inherited value, predates the 2009 IUPAC revision; regenerate from CIAAW"
"lead","molar_mass",207.2,"g/mol","ok","periodictable-pkg","inherited value, predates the 2009 IUPAC revision; regenerate from CIAAW"
"bismuth","molar_mass",208.9804,"g/mol","ok","periodictable-pkg","inherited value, predates the 2009 IUPAC revision; regenerate from CIAAW"
"polonium","molar_mass",209,"g/mol","ok","periodictable-pkg","inherited value, predates the 2009 IUPAC revision; regenerate from CIAAW"
"astatine","molar_mass",210,"g/mol","ok","periodictable-pkg","inherited value, predates the 2009 IUPAC revision; regenerate from CIAAW"
"radon","molar_mass",222,"g/mol","ok","periodictable-pkg","inherited value, predates the 2009 IUPAC revision; regenerate from CIAAW"
"francium","molar_mass",223,"g/mol","ok","periodictable-pkg","inherited value, predates the 2009 IUPAC revision; regenerate from CIAAW"
"radium","molar_mass",226,"g/mol","ok","periodictable-pkg","inherited value, predates the 2009 IUPAC revision; regenerate from CIAAW"
"actinium","molar_mass",227,"g/mol","ok","periodictable-pkg","inherited value, predates the 2009 IUPAC revision; regenerate from CIAAW"
"thorium","molar_mass",232.0381,"g/mol","ok","periodictable-pkg","inherited value, predates the 2009 IUPAC revision; regenerate from CIAAW"
"protactinium","molar_mass",231.03588,"g/mol","ok","periodictable-pkg","inherited value, predates the 2009 IUPAC revision; regenerate from CIAAW"
"uranium","molar_mass",238.02891,"g/mol","ok","periodictable-pkg","inherited value, predates the 2009 IUPAC revision; regenerate from CIAAW"
"neptunium","molar_mass",237,"g/mol","ok","periodictable-pkg","inherited value, predates the 2009 IUPAC revision; regenerate from CIAAW"
"plutonium","molar_mass",244,"g/mol","ok","periodictable-pkg","inherited value, predates the 2009 IUPAC revision; regenerate from CIAAW"
"americium","molar_mass",243,"g/mol","ok","periodictable-pkg","inherited value, predates the 2009 IUPAC revision; regenerate from CIAAW"
"curium","molar_mass",247,"g/mol","ok","periodictable-pkg","inherited value, predates the 2009 IUPAC revision; regenerate from CIAAW"
"berkelium","molar_mass",247,"g/mol","ok","periodictable-pkg","inherited value, predates the 2009 IUPAC revision; regenerate from CIAAW"
"californium","molar_mass",251,"g/mol","ok","periodictable-pkg","inherited value, predates the 2009 IUPAC revision; regenerate from CIAAW"
"einsteinium","molar_mass",252,"g/mol","ok","periodictable-pkg","inherited value, predates the 2009 IUPAC revision; regenerate from CIAAW"
"fermium","molar_mass",257,"g/mol","ok","periodictable-pkg","inherited value, predates the 2009 IUPAC revision; regenerate from CIAAW"
"mendelevium","molar_mass",258,"g/mol","ok","periodictable-pkg","inherited value, predates the 2009 IUPAC revision; regenerate from CIAAW"
"nobelium","molar_mass",259,"g/mol","ok","periodictable-pkg","inherited value, predates the 2009 IUPAC revision; regenerate from CIAAW"
"lawrencium","molar_mass",262,"g/mol","ok","periodictable-pkg","inherited value, predates the 2009 IUPAC revision; regenerate from CIAAW"
"rutherfordium","molar_mass",267,"g/mol","ok","periodictable-pkg","inherited value, predates the 2009 IUPAC revision; regenerate from CIAAW"
"dubnium","molar_mass",268,"g/mol","ok","periodictable-pkg","inherited value, predates the 2009 IUPAC revision; regenerate from CIAAW"
"seaborgium","molar_mass",271,"g/mol","ok","periodictable-pkg","inherited value, predates the 2009 IUPAC revision; regenerate from CIAAW"
"bohrium","molar_mass",272,"g/mol","ok","periodictable-pkg","inherited value, predates the 2009 IUPAC revision; regenerate from CIAAW"
"hassium","molar_mass",270,"g/mol","ok","periodictable-pkg","inherited value, predates the 2009 IUPAC revision; regenerate from CIAAW"
"meitnerium","molar_mass",268,"g/mol","ok","periodictable-pkg","inherited value, predates the 2009 IUPAC revision; regenerate from CIAAW"
"darmstadtium","molar_mass",281,"g/mol","ok","periodictable-pkg","inherited value, predates the 2009 IUPAC revision; regenerate from CIAAW"
"roentgenium","molar_mass",280,"g/mol","ok","periodictable-pkg","inherited value, predates the 2009 IUPAC revision; regenerate from CIAAW"
"copernicium","molar_mass",285,"g/mol","ok","periodictable-pkg","inherited value, predates the 2009 IUPAC revision; regenerate from CIAAW"
"ununtrium","molar_mass",284,"g/mol","ok","periodictable-pkg","inherited value, predates the 2009 IUPAC revision; regenerate from CIAAW"
"ununquadium","molar_mass",289,"g/mol","ok","periodictable-pkg","inherited value, predates the 2009 IUPAC revision; regenerate from CIAAW"
"ununpentium","molar_mass",288,"g/mol","ok","periodictable-pkg","inherited value, predates the 2009 IUPAC revision; regenerate from CIAAW"
"ununhexium","molar_mass",293,"g/mol","ok","periodictable-pkg","inherited value, predates the 2009 IUPAC revision; regenerate from CIAAW"
"lithium","density",0.534,"g/mL","ok","pubchem-periodictable","standard state solid; at or near room temperature"
"beryllium","density",1.85,"g/mL","ok","pubchem-periodictable","standard state solid; at or near room temperature"
"boron","density",2.37,"g/mL","ok","pubchem-periodictable","standard state solid; at or near room temperature"
"carbon","density",2.267,"g/mL","ok","pubchem-periodictable","standard state solid; at or near room temperature"
"sodium","density",0.97,"g/mL","ok","pubchem-periodictable","standard state solid; at or near room temperature"
"magnesium","density",1.74,"g/mL","ok","pubchem-periodictable","standard state solid; at or near room temperature"
"aluminum","density",2.7,"g/mL","ok","pubchem-periodictable","standard state solid; at or near room temperature"
"silicon","density",2.3296,"g/mL","ok","pubchem-periodictable","standard state solid; at or near room temperature"
"phosphorus","density",1.82,"g/mL","ok","pubchem-periodictable","standard state solid; at or near room temperature"
"sulfur","density",2.067,"g/mL","ok","pubchem-periodictable","standard state solid; at or near room temperature"
"potassium","density",0.89,"g/mL","ok","pubchem-periodictable","standard state solid; at or near room temperature"
"calcium","density",1.54,"g/mL","ok","pubchem-periodictable","standard state solid; at or near room temperature"
"scandium","density",2.99,"g/mL","ok","pubchem-periodictable","standard state solid; at or near room temperature"
"titanium","density",4.5,"g/mL","ok","pubchem-periodictable","standard state solid; at or near room temperature"
"vanadium","density",6,"g/mL","ok","pubchem-periodictable","standard state solid; at or near room temperature"
"chromium","density",7.15,"g/mL","ok","pubchem-periodictable","standard state solid; at or near room temperature"
"manganese","density",7.3,"g/mL","ok","pubchem-periodictable","standard state solid; at or near room temperature"
"iron","density",7.874,"g/mL","ok","pubchem-periodictable","standard state solid; at or near room temperature"
"cobalt","density",8.86,"g/mL","ok","pubchem-periodictable","standard state solid; at or near room temperature"
"nickel","density",8.912,"g/mL","ok","pubchem-periodictable","standard state solid; at or near room temperature"
"copper","density",8.933,"g/mL","ok","pubchem-periodictable","standard state solid; at or near room temperature"
"zinc","density",7.134,"g/mL","ok","pubchem-periodictable","standard state solid; at or near room temperature"
"gallium","density",5.91,"g/mL","ok","pubchem-periodictable","standard state solid; at or near room temperature"
"germanium","density",5.323,"g/mL","ok","pubchem-periodictable","standard state solid; at or near room temperature"
"arsenic","density",5.776,"g/mL","ok","pubchem-periodictable","standard state solid; at or near room temperature"
"selenium","density",4.809,"g/mL","ok","pubchem-periodictable","standard state solid; at or near room temperature"
"rubidium","density",1.53,"g/mL","ok","pubchem-periodictable","standard state solid; at or near room temperature"
"strontium","density",2.64,"g/mL","ok","pubchem-periodictable","standard state solid; at or near room temperature"
"yttrium","density",4.47,"g/mL","ok","pubchem-periodictable","standard state solid; at or near room temperature"
"zirconium","density",6.52,"g/mL","ok","pubchem-periodictable","standard state solid; at or near room temperature"
"niobium","density",8.57,"g/mL","ok","pubchem-periodictable","standard state solid; at or near room temperature"
"molybdenum","density",10.2,"g/mL","ok","pubchem-periodictable","standard state solid; at or near room temperature"
"ruthenium","density",12.1,"g/mL","ok","pubchem-periodictable","standard state solid; at or near room temperature"
"rhodium","density",12.4,"g/mL","ok","pubchem-periodictable","standard state solid; at or near room temperature"
"palladium","density",12,"g/mL","ok","pubchem-periodictable","standard state solid; at or near room temperature"
"silver","density",10.501,"g/mL","ok","pubchem-periodictable","standard state solid; at or near room temperature"
"cadmium","density",8.69,"g/mL","ok","pubchem-periodictable","standard state solid; at or near room temperature"
"indium","density",7.31,"g/mL","ok","pubchem-periodictable","standard state solid; at or near room temperature"
"tin","density",7.287,"g/mL","ok","pubchem-periodictable","standard state solid; at or near room temperature"
"antimony","density",6.685,"g/mL","ok","pubchem-periodictable","standard state solid; at or near room temperature"
"tellurium","density",6.232,"g/mL","ok","pubchem-periodictable","standard state solid; at or near room temperature"
"cesium","density",1.93,"g/mL","ok","pubchem-periodictable","standard state solid; at or near room temperature"
"barium","density",3.62,"g/mL","ok","pubchem-periodictable","standard state solid; at or near room temperature"
"lanthanum","density",6.15,"g/mL","ok","pubchem-periodictable","standard state solid; at or near room temperature"
"cerium","density",6.77,"g/mL","ok","pubchem-periodictable","standard state solid; at or near room temperature"
"praseodymium","density",6.77,"g/mL","ok","pubchem-periodictable","standard state solid; at or near room temperature"
"neodymium","density",7.01,"g/mL","ok","pubchem-periodictable","standard state solid; at or near room temperature"
"samarium","density",7.52,"g/mL","ok","pubchem-periodictable","standard state solid; at or near room temperature"
"europium","density",5.24,"g/mL","ok","pubchem-periodictable","standard state solid; at or near room temperature"
"gadolinium","density",7.9,"g/mL","ok","pubchem-periodictable","standard state solid; at or near room temperature"
"terbium","density",8.23,"g/mL","ok","pubchem-periodictable","standard state solid; at or near room temperature"
"dysprosium","density",8.55,"g/mL","ok","pubchem-periodictable","standard state solid; at or near room temperature"
"holmium","density",8.8,"g/mL","ok","pubchem-periodictable","standard state solid; at or near room temperature"
"erbium","density",9.07,"g/mL","ok","pubchem-periodictable","standard state solid; at or near room temperature"
"thulium","density",9.32,"g/mL","ok","pubchem-periodictable","standard state solid; at or near room temperature"
"ytterbium","density",6.9,"g/mL","ok","pubchem-periodictable","standard state solid; at or near room temperature"
"lutetium","density",9.84,"g/mL","ok","pubchem-periodictable","standard state solid; at or near room temperature"
"hafnium","density",13.3,"g/mL","ok","pubchem-periodictable","standard state solid; at or near room temperature"
"tantalum","density",16.4,"g/mL","ok","pubchem-periodictable","standard state solid; at or near room temperature"
"wolfram","density",19.3,"g/mL","ok","pubchem-periodictable","standard state solid; at or near room temperature"
"rhenium","density",20.8,"g/mL","ok","pubchem-periodictable","standard state solid; at or near room temperature"
"osmium","density",22.57,"g/mL","ok","pubchem-periodictable","standard state solid; at or near room temperature"
"iridium","density",22.42,"g/mL","ok","pubchem-periodictable","standard state solid; at or near room temperature"
"platinum","density",21.46,"g/mL","ok","pubchem-periodictable","standard state solid; at or near room temperature"
"gold","density",19.282,"g/mL","ok","pubchem-periodictable","standard state solid; at or near room temperature"
"mercury","density",13.5336,"g/mL","ok","pubchem-periodictable","standard state liquid; at or near room temperature"
"thallium","density",11.8,"g/mL","ok","pubchem-periodictable","standard state solid; at or near room temperature"
"lead","density",11.342,"g/mL","ok","pubchem-periodictable","standard state solid; at or near room temperature"
"bismuth","density",9.807,"g/mL","ok","pubchem-periodictable","standard state solid; at or near room temperature"
"thorium","density",11.72,"g/mL","ok","pubchem-periodictable","standard state solid; at or near room temperature"
"uranium","density",18.95,"g/mL","ok","pubchem-periodictable","standard state solid; at or near room temperature"
"helium","molar_volume",22.4235,"L/mol","ok","pubchem-periodictable","monatomic gas; derived as atomic weight / standard-state density at STP (0 C, 101.325 kPa)"
"neon","molar_volume",22.4244,"L/mol","ok","pubchem-periodictable","monatomic gas; derived as atomic weight / standard-state density at STP (0 C, 101.325 kPa)"
"argon","molar_volume",22.3961,"L/mol","ok","pubchem-periodictable","monatomic gas; derived as atomic weight / standard-state density at STP (0 C, 101.325 kPa)"
"krypton","molar_volume",22.4479,"L/mol","ok","pubchem-periodictable","monatomic gas; derived as atomic weight / standard-state density at STP (0 C, 101.325 kPa)"
"xenon","molar_volume",22.3022,"L/mol","ok","pubchem-periodictable","monatomic gas; derived as atomic weight / standard-state density at STP (0 C, 101.325 kPa)"
"hydrogen","density",,"g/mL","wrong_entity",,"withheld: the standard state is hydrogen's diatomic form, so its density and molar volume belong to dihydrogen, not to the atom. Pairing a molecular density with an atomic weight would give volume per mole of atoms, which for a gas is half the molar volume."
"nitrogen","density",,"g/mL","wrong_entity",,"withheld: the standard state is nitrogen's diatomic form, so its density and molar volume belong to dinitrogen, not to the atom. Pairing a molecular density with an atomic weight would give volume per mole of atoms, which for a gas is half the molar volume."
"oxygen","density",,"g/mL","wrong_entity",,"withheld: the standard state is oxygen's diatomic form, so its density and molar volume belong to dioxygen, not to the atom. Pairing a molecular density with an atomic weight would give volume per mole of atoms, which for a gas is half the molar volume."
"fluorine","density",,"g/mL","wrong_entity",,"withheld: the standard state is fluorine's diatomic form, so its density and molar volume belong to difluorine, not to the atom. Pairing a molecular density with an atomic weight would give volume per mole of atoms, which for a gas is half the molar volume."
"chlorine","density",,"g/mL","wrong_entity",,"withheld: the standard state is chlorine's diatomic form, so its density and molar volume belong to dichlorine, not to the atom. Pairing a molecular density with an atomic weight would give volume per mole of atoms, which for a gas is half the molar volume."
"bromine","density",,"g/mL","wrong_entity",,"withheld: the standard state is bromine's diatomic form, so its density and molar volume belong to dibromine, not to the atom. Pairing a molecular density with an atomic weight would give volume per mole of atoms, which for a gas is half the molar volume."
"iodine","density",,"g/mL","wrong_entity",,"withheld: the standard state is iodine's diatomic form, so its density and molar volume belong to diiodine, not to the atom. Pairing a molecular density with an atomic weight would give volume per mole of atoms, which for a gas is half the molar volume."
"dihydrogen","molar_volume",22.4299,"L/mol","ok","pubchem-periodictable","diatomic gas; derived as molecular weight / standard-state density at STP (0 C, 101.325 kPa)"
"dinitrogen","molar_volume",22.4004,"L/mol","ok","pubchem-periodictable","diatomic gas; derived as molecular weight / standard-state density at STP (0 C, 101.325 kPa)"
"dioxygen","molar_volume",22.3919,"L/mol","ok","pubchem-periodictable","diatomic gas; derived as molecular weight / standard-state density at STP (0 C, 101.325 kPa)"
"difluorine","molar_volume",22.4038,"L/mol","ok","pubchem-periodictable","diatomic gas; derived as molecular weight / standard-state density at STP (0 C, 101.325 kPa)"
"dichlorine","molar_volume",22.0597,"L/mol","ok","pubchem-periodictable","diatomic gas; derived as molecular weight / standard-state density at STP (0 C, 101.325 kPa)"
"dibromine","density",3.11,"g/mL","ok","pubchem-periodictable","standard state liquid; at or near room temperature"
"diiodine","density",4.93,"g/mL","ok","pubchem-periodictable","standard state solid; at or near room temperature"
"glucose","molar_mass",180.156,"g/mol","ok","computed-from-formula","C6H12O6 from CIAAW 2021 atomic weights"
"galactose","molar_mass",180.156,"g/mol","ok","computed-from-formula","C6H12O6 from CIAAW 2021 atomic weights"
"fructose","molar_mass",180.156,"g/mol","ok","computed-from-formula","C6H12O6 from CIAAW 2021 atomic weights"
"cholesterol","molar_mass",386.664,"g/mol","ok","computed-from-formula","C27H46O from CIAAW 2021 atomic weights"
"triolein","molar_mass",885.453,"g/mol","ok","computed-from-formula","C57H104O6 from CIAAW 2021 atomic weights"
"bilirubin","molar_mass",584.673,"g/mol","ok","computed-from-formula","C33H36N4O6 from CIAAW 2021 atomic weights"
"3_hydroxybutyrate","molar_mass",104.105,"g/mol","ok","computed-from-formula","C4H8O3 from CIAAW 2021 atomic weights"
"acetoacetic_acid","molar_mass",102.089,"g/mol","ok","computed-from-formula","C4H6O3 from CIAAW 2021 atomic weights"
"creatinine","molar_mass",113.12,"g/mol","ok","computed-from-formula","C4H7N3O from CIAAW 2021 atomic weights"
"creatine","molar_mass",131.135,"g/mol","ok","computed-from-formula","C4H9N3O2 from CIAAW 2021 atomic weights"
"urea","molar_mass",60.056,"g/mol","ok","computed-from-formula","CH4N2O from CIAAW 2021 atomic weights"
"uric_acid","molar_mass",168.112,"g/mol","ok","computed-from-formula","C5H4N4O3 from CIAAW 2021 atomic weights"
"lactic_acid","molar_mass",90.078,"g/mol","ok","computed-from-formula","C3H6O3 from CIAAW 2021 atomic weights"
"pyruvic_acid","molar_mass",88.062,"g/mol","ok","computed-from-formula","C3H4O3 from CIAAW 2021 atomic weights"
"oxalic_acid","molar_mass",90.034,"g/mol","ok","computed-from-formula","C2H2O4 from CIAAW 2021 atomic weights"
"citric_acid","molar_mass",192.123,"g/mol","ok","computed-from-formula","C6H8O7 from CIAAW 2021 atomic weights"
"glycerol","molar_mass",92.094,"g/mol","ok","computed-from-formula","C3H8O3 from CIAAW 2021 atomic weights"
"homocysteine","molar_mass",135.181,"g/mol","ok","computed-from-formula","C4H9NO2S from CIAAW 2021 atomic weights"
"ammonia","molar_mass",17.031,"g/mol","ok","computed-from-formula","H3N from CIAAW 2021 atomic weights"
"dihydrogen","molar_mass",2.016,"g/mol","ok","computed-from-formula","H2 from CIAAW 2021 atomic weights"
"dinitrogen","molar_mass",28.014,"g/mol","ok","computed-from-formula","N2 from CIAAW 2021 atomic weights"
"dioxygen","molar_mass",31.998,"g/mol","ok","computed-from-formula","O2 from CIAAW 2021 atomic weights"
"difluorine","molar_mass",37.99681,"g/mol","ok","computed-from-formula","F2 from CIAAW 2021 atomic weights"
"dichlorine","molar_mass",70.9,"g/mol","ok","computed-from-formula","Cl2 from CIAAW 2021 atomic weights"
"dibromine","molar_mass",159.808,"g/mol","ok","computed-from-formula","Br2 from CIAAW 2021 atomic weights"
"diiodine","molar_mass",253.8089,"g/mol","ok","computed-from-formula","I2 from CIAAW 2021 atomic weights"
"carbon_dioxide","molar_mass",44.009,"g/mol","ok","computed-from-formula","CO2 from CIAAW 2021 atomic weights"
"bicarbonate","molar_mass",61.016,"g/mol","ok","computed-from-formula","CHO3 from CIAAW 2021 atomic weights"
"water","molar_mass",18.015,"g/mol","ok","computed-from-formula","H2O from CIAAW 2021 atomic weights"
"cortisol","molar_mass",362.466,"g/mol","ok","computed-from-formula","C21H30O5 from CIAAW 2021 atomic weights"
"prednisolone","molar_mass",360.45,"g/mol","ok","computed-from-formula","C21H28O5 from CIAAW 2021 atomic weights"
"aldosterone","molar_mass",360.45,"g/mol","ok","computed-from-formula","C21H28O5 from CIAAW 2021 atomic weights"
"dexamethasone","molar_mass",392.4674,"g/mol","ok","computed-from-formula","C22H29FO5 from CIAAW 2021 atomic weights"
"testosterone","molar_mass",288.431,"g/mol","ok","computed-from-formula","C19H28O2 from CIAAW 2021 atomic weights"
"dhea","molar_mass",288.431,"g/mol","ok","computed-from-formula","C19H28O2 from CIAAW 2021 atomic weights"
"androstenedione","molar_mass",286.415,"g/mol","ok","computed-from-formula","C19H26O2 from CIAAW 2021 atomic weights"
"estradiol","molar_mass",272.388,"g/mol","ok","computed-from-formula","C18H24O2 from CIAAW 2021 atomic weights"
"progesterone","molar_mass",314.469,"g/mol","ok","computed-from-formula","C21H30O2 from CIAAW 2021 atomic weights"
"thyroxine","molar_mass",776.8739,"g/mol","ok","computed-from-formula","C15H11I4NO4 from CIAAW 2021 atomic weights"
"triiodothyronine","molar_mass",650.9774,"g/mol","ok","computed-from-formula","C15H12I3NO4 from CIAAW 2021 atomic weights"
"folate","molar_mass",441.404,"g/mol","ok","computed-from-formula","C19H19N7O6 from CIAAW 2021 atomic weights"
"cobalamin","molar_mass",1355.388,"g/mol","ok","computed-from-formula","C63H88CoN14O14P from CIAAW 2021 atomic weights"
"ascorbic_acid","molar_mass",176.124,"g/mol","ok","computed-from-formula","C6H8O6 from CIAAW 2021 atomic weights"
"calcifediol","molar_mass",400.647,"g/mol","ok","computed-from-formula","C27H44O2 from CIAAW 2021 atomic weights"
"ethanol","molar_mass",46.069,"g/mol","ok","computed-from-formula","C2H6O from CIAAW 2021 atomic weights"
"methanol","molar_mass",32.042,"g/mol","ok","computed-from-formula","CH4O from CIAAW 2021 atomic weights"
"ethylene_glycol","molar_mass",62.068,"g/mol","ok","computed-from-formula","C2H6O2 from CIAAW 2021 atomic weights"
"acetone","molar_mass",58.08,"g/mol","ok","computed-from-formula","C3H6O from CIAAW 2021 atomic weights"
"acetaminophen","molar_mass",151.165,"g/mol","ok","computed-from-formula","C8H9NO2 from CIAAW 2021 atomic weights"
"salicylic_acid","molar_mass",138.122,"g/mol","ok","computed-from-formula","C7H6O3 from CIAAW 2021 atomic weights"
"ibuprofen","molar_mass",206.285,"g/mol","ok","computed-from-formula","C13H18O2 from CIAAW 2021 atomic weights"
"caffeine","molar_mass",194.194,"g/mol","ok","computed-from-formula","C8H10N4O2 from CIAAW 2021 atomic weights"
"theophylline","molar_mass",180.167,"g/mol","ok","computed-from-formula","C7H8N4O2 from CIAAW 2021 atomic weights"
"phenytoin","molar_mass",252.273,"g/mol","ok","computed-from-formula","C15H12N2O2 from CIAAW 2021 atomic weights"
"phenobarbital","molar_mass",232.239,"g/mol","ok","computed-from-formula","C12H12N2O3 from CIAAW 2021 atomic weights"
"valproic_acid","molar_mass",144.214,"g/mol","ok","computed-from-formula","C8H16O2 from CIAAW 2021 atomic weights"
"carbamazepine","molar_mass",236.274,"g/mol","ok","computed-from-formula","C15H12N2O from CIAAW 2021 atomic weights"
"lamotrigine","molar_mass",256.09,"g/mol","ok","computed-from-formula","C9H7Cl2N5 from CIAAW 2021 atomic weights"
"levetiracetam","molar_mass",170.212,"g/mol","ok","computed-from-formula","C8H14N2O2 from CIAAW 2021 atomic weights"
"metformin","molar_mass",129.167,"g/mol","ok","computed-from-formula","C4H11N5 from CIAAW 2021 atomic weights"
"warfarin","molar_mass",308.333,"g/mol","ok","computed-from-formula","C19H16O4 from CIAAW 2021 atomic weights"
"digoxin","molar_mass",780.949,"g/mol","ok","computed-from-formula","C41H64O14 from CIAAW 2021 atomic weights"
"methotrexate","molar_mass",454.447,"g/mol","ok","computed-from-formula","C20H22N8O5 from CIAAW 2021 atomic weights"
"ciclosporin","molar_mass",1202.635,"g/mol","ok","computed-from-formula","C62H111N11O12 from CIAAW 2021 atomic weights"
"tacrolimus","molar_mass",804.031,"g/mol","ok","computed-from-formula","C44H69NO12 from CIAAW 2021 atomic weights"
"vancomycin","molar_mass",1449.265,"g/mol","ok","computed-from-formula","C66H75Cl2N9O24 from CIAAW 2021 atomic weights"
"morphine","molar_mass",285.343,"g/mol","ok","computed-from-formula","C17H19NO3 from CIAAW 2021 atomic weights"
"codeine","molar_mass",299.37,"g/mol","ok","computed-from-formula","C18H21NO3 from CIAAW 2021 atomic weights"
"sodium","valence",1,"eq/mol","ok","ciaaw-2021","Na+"
"potassium","valence",1,"eq/mol","ok","ciaaw-2021","K+"
"lithium","valence",1,"eq/mol","ok","ciaaw-2021","Li+"
"chlorine","valence",1,"eq/mol","ok","ciaaw-2021","Cl-; magnitude of the charge"
"calcium","valence",2,"eq/mol","ok","ciaaw-2021","Ca2+"
"magnesium","valence",2,"eq/mol","ok","ciaaw-2021","Mg2+"
"zinc","valence",2,"eq/mol","ok","ciaaw-2021","Zn2+"
"copper","valence",2,"eq/mol","ok","ciaaw-2021","Cu2+"
"bicarbonate","valence",1,"eq/mol","ok","computed-from-formula","HCO3-"
"iron","valence",,"eq/mol","disputed",,"iron circulates as both Fe2+ and Fe3+, so mEq is ambiguous unless the oxidation state is specified"
"insulin","molar_mass",5807.57,"g/mol","ok","uniprot-P01308","mature A+B chains with three disulfide bonds"
"insulin","activity",6e-09,"mol/IU","ok","who-is-66-304","1 IU = 6.00 nmol; this, not the molar mass, is what relates mU/L to pmol/L"
"c_peptide","molar_mass",3020.29,"g/mol","ok","uniprot-P01308","human C-peptide, 31 residues"
"albumin","molar_mass",66437,"g/mol","ok","uniprot-P02768","mature chain, 585 residues"
"urea_nitrogen","molar_mass",28.014,"g/mol","ok","ciaaw-2021","2 x N (14.007) per urea molecule. BUN is reported as nitrogen mass, so this converts a BUN mass concentration to a urea molar concentration: 1 mg/dL BUN = 0.357 mmol/L urea"
"lipoprotein_a","molar_mass",,"g/mol","disputed",,"apo(a) isoform size varies between individuals, so there is no valid fixed mass<->molar factor; measure nmol/L directly"
